{
  "assetsByChunkName": {
    "vendors~app-account~app-checkout~app-confirmation~app-order": "chunk.cfb82a89b8588893bbf2.js",
    "vendors~app-account~app-confirmation~app-order": "chunk.1bbc4d4c630a252828af.js",
    "vendors~app-account~app-checkout": "chunk.45ede300fea2a769d0fc.js",
    "vendors~app-cart~app-checkout": "chunk.5895af0c2b2c3bc18192.js",
    "admin": [
      "admin.fe7ec3511861948b2bdf.js",
      "admin.fe7ec3511861948b2bdf.js.map"
    ],
    "app-account": "chunk.0ca1dd93c9cda3b753f0.js",
    "app-cart": "chunk.48ef7264e4378030df99.js",
    "app-checkout": "chunk.2dff2a3d1cd01d7ff8bb.js",
    "app-confirmation": "chunk.640e32f69a2bcfeb0cbc.js",
    "app-order": "chunk.4d16481e5f50af4c88b7.js",
    "checkout": [
      "checkout.00d6fb0d9340dc6c3fa3.js",
      "checkout.00d6fb0d9340dc6c3fa3.js.map"
    ],
    "storefront": [
      "storefront.440453f16fe32136a96d.css",
      "storefront.dc247f00cd5d71f0abb0.js",
      "storefront.440453f16fe32136a96d.css.map",
      "storefront.dc247f00cd5d71f0abb0.js.map"
    ],
    "vendors~app-cart": "chunk.c4ca04c0125f50f71dbb.js"
  }
}