{
  "meta_title": "Bio Blend agora é Mexidona",
  "meta_description": "Leve mais praticidade e saúde para os seus clientes.",
  "sections": [
    {
      "type": "banner-slider",
      "autoplay": 9000,
      "full_width": true,
      "slides": [
        {
          "start": "",
          "end": "",
          "img": "/img/uploads/fraunces-3-1-.png",
          "link": "/app/#/account/",
          "mobile_img": "/img/uploads/bannersmobile.png"
        },
        {
          "start": "",
          "end": "",
          "img": "/img/uploads/banner-carrosel-site-b2b-desktop-1200-300-px-.jpg"
        },
        {
          "start": "",
          "end": "",
          "img": "/img/uploads/banner-carrosel-site-b2b-desktop-1200-300-px-1-.jpg"
        }
      ]
    },
    {
      "type": "dynamic-showcase",
      "load_more": true
    }
  ]
}